timestamp,topic,difficulty,count,faqs
2026-05-02 14:21,Man on motorcycle,Easy,5,"Q1: What type of motorcycle is featured in the image?
A1: The motorcycle is a Royal Enfield model.

Q2: What color is the motorcycle?
A2: The motorcycle is matte black or a very dark, flat grey.

Q3: What is the man wearing?
A3: The man is wearing a long-sleeved, collared button-down shirt with a plaid or checked pattern, primarily dark brown, olive green, and beige/light brown. He is also wearing light-colored trousers or jeans, possibly white or light grey, and a thin, gold-colored chain is visible around his neck.

Q4: Is there any branding visible on the man's shirt?
A4: Yes, on the left chest pocket of his shirt, there is an embroidered logo of a polo player on horseback, which is the distinctive emblem of U.S. Polo Assn.

Q5: What text is displayed on the motorcycle's fuel tank?
A5: The side of the fuel tank clearly displays the embossed text ""ROYAL ENFIELD"" in capital letters."
2026-05-02 14:12,AI Data Science Resume,Easy,5,"Q1: What programming languages are listed as technical skills for an AI Data Science undergraduate?
A1: The listed programming languages are Python, C, SQL, HTML, CSS, and JavaScript.

Q2: What is the main interest of an Artificial Intelligence and Data Science undergraduate?
A2: The main interest is developing machine learning solutions and applying AI technologies to real-world problems.

Q3: What machine learning libraries are mentioned in the technical skills?
A3: The machine learning libraries mentioned are Scikit-learn, TensorFlow, PyTorch, OpenCV, NumPy, Pandas, and Matplotlib.

Q4: Can you provide an example of a project developed by an AI Data Science undergraduate?
A4: One example is ""IntelliFAQ (AI Automated FAQ Builder),"" which developed an AI-powered FAQ generation system.

Q5: What are some certifications relevant to an AI Data Science professional?
A5: Relevant certifications include Aviatrix Certified Engineer (ACE) – Multicloud Network Associate, Certified Essentials Automation Professional, and Oracle Cloud Infrastructure 2025 Certified Generative AI Professional."
2026-05-02 14:09,Neural Network Architectures,Easy,5,"Q1: Explain Recursive Neural Networks, including syntactic tree structures, semantic composition, and applications in sentiment analysis.
A1: Recursive Neural Networks (RecNNs) are neural models designed to process hierarchical structured data, especially tree-like structures such as sentences parsed into syntax trees.
1. Syntactic Tree Structure: Sentences are represented as parse trees (like noun phrase, verb phrase). Each node represents a word or phrase. RecNN processes the tree bottom-up (from words → phrases → sentence). Example: “Movie is very good” → combine “very + good” → then combine with “movie”.
2. Semantic Composition: RecNN combines meanings of child nodes to form parent meaning. Formula: 𝒉 = 𝒇(𝑾[𝒉𝟏, 𝒉𝟐] + 𝒃). Where: 𝒉𝟏, 𝒉𝟐: child vectors, 𝑾: weight matrix, 𝒇: activation function. This helps understand phrase meaning, not just individual words.
3. Application in Sentiment Analysis: Each node in the tree gets a sentiment score. Final root node gives overall sentence sentiment.

Q2: Explain the working of RNN for sequence modelling.
A2: RNNs are used for sequential data like text, speech. Working:
1. Input Processing: Input sequence 𝑥1, 𝑥2, . . . , 𝑥𝑡.
2. Hidden State Update: ℎ𝑡 = 𝑓(𝑊𝑥𝑡 + 𝑈ℎ𝑡−1 + 𝑏).
3. Output Generation: 𝑦𝑡 = 𝑔(𝑉ℎ𝑡).
4. Memory: Previous hidden state carries past information.
Limitation: Vanishing Gradient: Gradients become very small during backpropagation. Model fails to learn long-term dependencies.

Q3: Explain LSTM structure and gates.
A3: LSTM is an improved RNN that handles long-term dependencies. Components: Cell State (Cₜ): stores long-term memory. Gates: 1. Forget Gate: Decides what to remove. 2. Input Gate: Adds new information. 3. Output Gate: Produces output. Advantages: Solves vanishing gradient problem. Retains long-term context.

Q4: Explain GRU architecture.
A4: GRU is a simplified version of LSTM. Gates: 1. Update Gate (z): Controls memory update. 2. Reset Gate (r): Controls forgetting. Formula: ℎ𝑡 = (1 − 𝑧𝑡)ℎ𝑡−1 + 𝑧𝑡ℎ𝑡̃. Advantages: Fewer parameters than LSTM. Faster training. Good performance.

Q5: What are the differences between RNN, LSTM, and GRU?
A5:
*   **Memory:** RNN: Short, LSTM: Long, GRU: Medium
*   **Gates:** RNN: No, LSTM: 3 gates, GRU: 2 gates
*   **Gradient Issue:** RNN: Yes, LSTM: Solved, GRU: Solved
*   **Complexity:** RNN: Low, LSTM: High, GRU: Medium
*   **NLP Suitability:** RNN: Poor, LSTM: Best, GRU: Good"
